file_path,file_type,feature_area,inspected_yes_no,role_summary,main_exports_or_components,code_readability_score_0_100,maintainability_score_0_100,production_readiness_score_0_100,security_risk_0_100,performance_risk_0_100,seo_relevance_0_100,bug_risk_0_100,dead_code_risk_0_100,visual_regression_risk_0_100,key_findings,evidence_ids,recommended_action,priority_P0_P1_P2_P3,confidence_low_medium_high
.env,config,general,yes,Local env config; values masked.,none detected,84,82,78,28,10,10,14,8,8,No major issue found in automated/source inspection; reviewed for role and risk.,E009;E010,Keep as-is or clean opportunistically.,P3,medium
.eslintrc.json,json,general,yes,json for general.,none detected,84,82,78,10,10,10,14,8,8,No major issue found in automated/source inspection; reviewed for role and risk.,E000,Keep as-is or clean opportunistically.,P3,high
.vscode/settings.json,json,general,yes,json for general.,none detected,84,82,78,10,10,10,14,8,8,No major issue found in automated/source inspection; reviewed for role and risk.,E000,Keep as-is or clean opportunistically.,P3,high
README.md,md,general,yes,md for general.,none detected,84,82,78,10,10,10,14,8,8,No major issue found in automated/source inspection; reviewed for role and risk.,E031;E039,Keep as-is or clean opportunistically.,P3,high
expanded-folders.txt,txt,general,yes,txt for general.,none detected,84,82,78,10,10,10,14,8,8,No major issue found in automated/source inspection; reviewed for role and risk.,E000,Keep as-is or clean opportunistically.,P3,high
next-env.d.ts,ts,general,yes,ts for general.,none detected,84,82,78,10,10,10,14,8,8,No major issue found in automated/source inspection; reviewed for role and risk.,E000,Keep as-is or clean opportunistically.,P3,high
next.config.js,js,general,yes,js for general.,none detected,84,82,78,10,10,10,14,8,8,No major issue found in automated/source inspection; reviewed for role and risk.,E002,Keep as-is or clean opportunistically.,P3,high
package.json,package_config,general,yes,package_config for general.,none detected,84,82,78,10,10,10,14,8,8,No major issue found in automated/source inspection; reviewed for role and risk.,E001,Keep as-is or clean opportunistically.,P3,high
postcss.config.js,js,general,yes,js for general.,none detected,84,82,78,10,10,10,14,8,8,No major issue found in automated/source inspection; reviewed for role and risk.,E000,Keep as-is or clean opportunistically.,P3,high
prisma/schema.prisma,schema,general,yes,schema for general.,none detected,84,82,78,10,10,10,14,8,8,No major issue found in automated/source inspection; reviewed for role and risk.,E003;E051,Keep as-is or clean opportunistically.,P3,high
prisma/seed-config.json,json,general,yes,json for general.,none detected,84,82,78,10,10,10,14,8,8,No major issue found in automated/source inspection; reviewed for role and risk.,E000,Keep as-is or clean opportunistically.,P3,high
prisma/seed.ts,ts,general,yes,ts for general.,none detected,84,82,73,10,10,10,14,8,8,Contains console logging path.,E000,Keep as-is or clean opportunistically.,P3,high
project-folders.txt,txt,general,yes,txt for general.,none detected,84,82,78,10,10,10,14,8,8,No major issue found in automated/source inspection; reviewed for role and risk.,E000,Keep as-is or clean opportunistically.,P3,high
public/assets/README.md,md,assets_uploads,yes,md for assets_uploads.,none detected,84,82,78,10,10,10,14,8,8,No major issue found in automated/source inspection; reviewed for role and risk.,E031;E039,Keep as-is or clean opportunistically.,P3,high
scripts/codemod-button-title.mjs,mjs,general,yes,mjs for general.,none detected,84,82,73,10,10,10,14,8,8,Contains console logging path.,E000,Keep as-is or clean opportunistically.,P3,high
scripts/codemod-button-types.mjs,mjs,general,yes,mjs for general.,none detected,84,82,73,10,10,10,14,8,8,Contains console logging path.,E000,Keep as-is or clean opportunistically.,P3,high
scripts/codemod-form-labels.mjs,mjs,general,yes,mjs for general.,none detected,84,82,73,10,10,10,14,8,8,Contains console logging path.,E000,Keep as-is or clean opportunistically.,P3,high
scripts/codemod-input-labels.mjs,mjs,general,yes,mjs for general.,none detected,84,82,73,10,10,10,14,8,8,Contains console logging path.,E000,Keep as-is or clean opportunistically.,P3,high
scripts/process-branding.mjs,mjs,general,yes,mjs for general.,none detected,84,82,73,10,10,10,14,8,8,Contains console logging path.,E000,Keep as-is or clean opportunistically.,P3,high
scripts/reset-commerce-signals.mjs,mjs,general,yes,mjs for general.,none detected,84,82,73,10,10,10,14,8,8,Contains console logging path.,E000,Keep as-is or clean opportunistically.,P3,high
src/app/(admin)/admin/banners/[id]/page.tsx,page,admin_rbac_operations,yes,page for admin_rbac_operations.,metadata; AdminBannerDetailPage,84,82,78,10,10,10,14,8,28,No major issue found in automated/source inspection; reviewed for role and risk.,E000,Keep as-is or clean opportunistically.,P3,high
src/app/(admin)/admin/banners/new/page.tsx,page,admin_rbac_operations,yes,page for admin_rbac_operations.,metadata; AdminNewBannerPage,84,82,78,10,10,10,14,8,28,No major issue found in automated/source inspection; reviewed for role and risk.,E000,Keep as-is or clean opportunistically.,P3,high
src/app/(admin)/admin/banners/page.tsx,page,admin_rbac_operations,yes,page for admin_rbac_operations.,metadata; AdminBannersPage,84,82,78,10,10,10,14,8,28,No major issue found in automated/source inspection; reviewed for role and risk.,E000,Keep as-is or clean opportunistically.,P3,high
src/app/(admin)/admin/categories/[id]/page.tsx,page,admin_rbac_operations,yes,page for admin_rbac_operations.,metadata; AdminCategoryDetailPage,84,82,78,10,10,10,14,8,28,No major issue found in automated/source inspection; reviewed for role and risk.,E000,Keep as-is or clean opportunistically.,P3,high
src/app/(admin)/admin/categories/new/page.tsx,page,admin_rbac_operations,yes,page for admin_rbac_operations.,metadata; AdminNewCategoryPage,84,82,78,10,10,10,14,8,28,No major issue found in automated/source inspection; reviewed for role and risk.,E000,Keep as-is or clean opportunistically.,P3,high
src/app/(admin)/admin/categories/page.tsx,page,admin_rbac_operations,yes,page for admin_rbac_operations.,metadata; AdminCategoriesPage,84,82,78,10,10,10,14,8,28,No major issue found in automated/source inspection; reviewed for role and risk.,E000,Keep as-is or clean opportunistically.,P3,high
src/app/(admin)/admin/content/[id]/page.tsx,page,admin_rbac_operations,yes,page for admin_rbac_operations.,metadata; AdminContentDetailPage,84,82,78,10,10,10,14,8,28,No major issue found in automated/source inspection; reviewed for role and risk.,E000,Keep as-is or clean opportunistically.,P3,high
src/app/(admin)/admin/content/new/page.tsx,page,admin_rbac_operations,yes,page for admin_rbac_operations.,metadata; AdminNewContentSectionPage,84,82,78,10,10,10,14,8,28,No major issue found in automated/source inspection; reviewed for role and risk.,E000,Keep as-is or clean opportunistically.,P3,high
src/app/(admin)/admin/content/page.tsx,page,admin_rbac_operations,yes,page for admin_rbac_operations.,metadata; AdminContentPage,84,82,78,10,10,10,14,8,28,No major issue found in automated/source inspection; reviewed for role and risk.,E000,Keep as-is or clean opportunistically.,P3,high
src/app/(admin)/admin/coupons/[id]/page.tsx,page,admin_rbac_operations,yes,page for admin_rbac_operations.,metadata; AdminCouponDetailPage,84,82,78,10,10,10,14,8,28,No major issue found in automated/source inspection; reviewed for role and risk.,E000,Keep as-is or clean opportunistically.,P3,high
src/app/(admin)/admin/coupons/new/page.tsx,page,admin_rbac_operations,yes,page for admin_rbac_operations.,metadata; AdminNewCouponPage,84,82,78,10,10,10,14,8,28,No major issue found in automated/source inspection; reviewed for role and risk.,E000,Keep as-is or clean opportunistically.,P3,high
src/app/(admin)/admin/coupons/page.tsx,page,admin_rbac_operations,yes,page for admin_rbac_operations.,metadata; AdminCouponsPage,84,82,78,10,10,10,14,8,28,No major issue found in automated/source inspection; reviewed for role and risk.,E000,Keep as-is or clean opportunistically.,P3,high
src/app/(admin)/admin/dashboard/page.tsx,page,admin_rbac_operations,yes,page for admin_rbac_operations.,AdminDashboard,84,82,78,10,10,10,14,8,28,No major issue found in automated/source inspection; reviewed for role and risk.,E000,Keep as-is or clean opportunistically.,P3,high
src/app/(admin)/admin/flash-sales/[id]/page.tsx,page,admin_rbac_operations,yes,page for admin_rbac_operations.,metadata; AdminFlashSaleDetailPage,84,82,78,10,10,10,14,8,28,No major issue found in automated/source inspection; reviewed for role and risk.,E000,Keep as-is or clean opportunistically.,P3,high
src/app/(admin)/admin/flash-sales/new/page.tsx,page,admin_rbac_operations,yes,page for admin_rbac_operations.,metadata; AdminNewFlashSalePage,84,82,78,10,10,10,14,8,28,No major issue found in automated/source inspection; reviewed for role and risk.,E000,Keep as-is or clean opportunistically.,P3,high
src/app/(admin)/admin/flash-sales/page.tsx,page,admin_rbac_operations,yes,page for admin_rbac_operations.,metadata; AdminFlashSalesPage,84,82,78,10,10,10,14,8,28,No major issue found in automated/source inspection; reviewed for role and risk.,E000,Keep as-is or clean opportunistically.,P3,high
src/app/(admin)/admin/inventory/page.tsx,page,admin_rbac_operations,yes,page for admin_rbac_operations.,metadata; AdminInventoryPage,84,82,78,10,10,10,14,8,28,No major issue found in automated/source inspection; reviewed for role and risk.,E000,Keep as-is or clean opportunistically.,P3,high
src/app/(admin)/admin/layout.tsx,layout,admin_rbac_operations,yes,layout for admin_rbac_operations.,AdminLayout,84,82,78,10,10,10,14,8,8,No major issue found in automated/source inspection; reviewed for role and risk.,E006,Keep as-is or clean opportunistically.,P3,high
src/app/(admin)/admin/notifications/page.tsx,page,admin_rbac_operations,yes,page for admin_rbac_operations.,metadata; AdminNotificationsPage,84,82,78,10,10,10,14,8,28,No major issue found in automated/source inspection; reviewed for role and risk.,E000,Keep as-is or clean opportunistically.,P3,high
src/app/(admin)/admin/orders/[id]/page.tsx,page,admin_rbac_operations,yes,page for admin_rbac_operations.,metadata; AdminOrderDetailPage,84,82,78,10,10,10,14,8,28,No major issue found in automated/source inspection; reviewed for role and risk.,E000,Keep as-is or clean opportunistically.,P3,high
src/app/(admin)/admin/orders/page.tsx,page,admin_rbac_operations,yes,page for admin_rbac_operations.,metadata; AdminOrdersPage,84,72,78,10,10,10,22,8,28,Uses any/loose typing.,E000,Keep as-is or clean opportunistically.,P3,high
src/app/(admin)/admin/page.tsx,page,admin_rbac_operations,yes,page for admin_rbac_operations.,AdminIndexPage,84,82,78,10,10,10,14,8,28,No major issue found in automated/source inspection; reviewed for role and risk.,E000,Keep as-is or clean opportunistically.,P3,high
src/app/(admin)/admin/products/[id]/page.tsx,page,admin_rbac_operations,yes,page for admin_rbac_operations.,metadata; AdminProductDetailPage,84,82,78,10,10,10,14,8,28,No major issue found in automated/source inspection; reviewed for role and risk.,E000,Keep as-is or clean opportunistically.,P3,high
src/app/(admin)/admin/products/new/page.tsx,page,admin_rbac_operations,yes,page for admin_rbac_operations.,metadata; AdminNewProductPage,84,82,78,10,10,10,14,8,28,No major issue found in automated/source inspection; reviewed for role and risk.,E000,Keep as-is or clean opportunistically.,P3,high
src/app/(admin)/admin/products/page.tsx,page,admin_rbac_operations,yes,page for admin_rbac_operations.,metadata; AdminProductsPage,84,72,78,10,10,10,22,8,28,Uses any/loose typing.,E000,Keep as-is or clean opportunistically.,P3,high
src/app/(admin)/admin/reports/page.tsx,page,admin_rbac_operations,yes,page for admin_rbac_operations.,metadata; AdminReportsPage,84,82,78,10,10,10,14,8,28,No major issue found in automated/source inspection; reviewed for role and risk.,E030,Keep as-is or clean opportunistically.,P3,high
src/app/(admin)/admin/returns/[id]/page.tsx,page,admin_rbac_operations,yes,page for admin_rbac_operations.,metadata; AdminReturnDetailPage,84,82,78,10,10,10,14,8,28,No major issue found in automated/source inspection; reviewed for role and risk.,E000,Keep as-is or clean opportunistically.,P3,high
src/app/(admin)/admin/returns/page.tsx,page,admin_rbac_operations,yes,page for admin_rbac_operations.,metadata; AdminReturnsPage,84,72,78,10,10,10,22,8,28,Uses any/loose typing.,E000,Keep as-is or clean opportunistically.,P3,high
src/app/(admin)/admin/reviews/page.tsx,page,admin_rbac_operations,yes,page for admin_rbac_operations.,metadata; AdminReviewsPage,84,72,78,10,10,10,22,8,28,Uses any/loose typing.,E000,Keep as-is or clean opportunistically.,P3,high
src/app/(admin)/admin/settings/page.tsx,page,admin_rbac_operations,yes,page for admin_rbac_operations.,AdminSettingsPage,84,82,78,10,10,10,14,8,28,No major issue found in automated/source inspection; reviewed for role and risk.,E000,Keep as-is or clean opportunistically.,P3,high
src/app/(admin)/admin/users/[id]/page.tsx,page,admin_rbac_operations,yes,page for admin_rbac_operations.,metadata; AdminUserDetailPage,84,82,78,10,10,10,14,8,28,No major issue found in automated/source inspection; reviewed for role and risk.,E000,Keep as-is or clean opportunistically.,P3,high
src/app/(admin)/admin/users/page.tsx,page,admin_rbac_operations,yes,page for admin_rbac_operations.,metadata; AdminUsersPage,84,82,78,10,10,10,14,8,28,No major issue found in automated/source inspection; reviewed for role and risk.,E000,Keep as-is or clean opportunistically.,P3,high
src/app/(store)/about/page.tsx,page,general,yes,page for general.,metadata; AboutPage,84,82,78,10,10,10,14,8,28,No major issue found in automated/source inspection; reviewed for role and risk.,E000,Keep as-is or clean opportunistically.,P3,high
src/app/(store)/account/addresses/page.tsx,page,buyer_account,yes,page for buyer_account.,metadata; AddressesPage,84,82,78,10,10,10,14,8,28,No major issue found in automated/source inspection; reviewed for role and risk.,E000,Keep as-is or clean opportunistically.,P3,high
src/app/(store)/account/orders/[id]/page.tsx,page,buyer_account,yes,page for buyer_account.,metadata; OrderDetailPage,84,82,78,10,10,10,14,8,28,No major issue found in automated/source inspection; reviewed for role and risk.,E023,Keep as-is or clean opportunistically.,P3,high
src/app/(store)/account/orders/page.tsx,page,buyer_account,yes,page for buyer_account.,metadata; AccountOrdersPage,84,82,78,10,10,10,14,8,28,No major issue found in automated/source inspection; reviewed for role and risk.,E000,Keep as-is or clean opportunistically.,P3,high
src/app/(store)/account/page.tsx,page,buyer_account,yes,page for buyer_account.,metadata; AccountPage,84,82,78,10,10,10,14,8,28,No major issue found in automated/source inspection; reviewed for role and risk.,E000,Keep as-is or clean opportunistically.,P3,high
src/app/(store)/account/profile/page.tsx,page,buyer_account,yes,page for buyer_account.,metadata; ProfilePage,84,82,78,10,10,10,14,8,28,No major issue found in automated/source inspection; reviewed for role and risk.,E000,Keep as-is or clean opportunistically.,P3,high
src/app/(store)/auth/login/page.tsx,page,auth_session,yes,page for auth_session.,LoginPage,84,82,78,28,10,10,14,8,28,No major issue found in automated/source inspection; reviewed for role and risk.,E004,Keep as-is or clean opportunistically.,P3,high
src/app/(store)/auth/register/page.tsx,page,auth_session,yes,page for auth_session.,RegisterPage,84,82,78,28,10,10,14,8,28,No major issue found in automated/source inspection; reviewed for role and risk.,E004,Keep as-is or clean opportunistically.,P3,high
src/app/(store)/cart/page.tsx,page,buyer_client_state,yes,page for buyer_client_state.,CartPage,84,82,78,10,10,10,14,8,28,No major issue found in automated/source inspection; reviewed for role and risk.,E000,Keep as-is or clean opportunistically.,P3,high
src/app/(store)/category/[slug]/page.tsx,page,category_taxonomy,yes,page for category_taxonomy.,revalidate; generateMetadata; CategoryPage,84,82,78,10,28,35,14,8,28,Listing page is SEO/performance-sensitive.,E017,Keep as-is or clean opportunistically.,P3,high
src/app/(store)/category/page.tsx,page,category_taxonomy,yes,page for category_taxonomy.,metadata; revalidate; CategoriesPage,84,82,78,10,10,10,14,8,28,No major issue found in automated/source inspection; reviewed for role and risk.,E000,Keep as-is or clean opportunistically.,P3,high
src/app/(store)/checkout/page.tsx,page,checkout_orders,yes,page for checkout_orders.,CheckoutPage,84,72,78,10,10,10,22,8,28,Uses any/loose typing.,E020,Keep as-is or clean opportunistically.,P3,high
src/app/(store)/compare/page.tsx,page,buyer_client_state,yes,page for buyer_client_state.,ComparePage,84,72,78,10,10,10,22,8,28,Uses any/loose typing.,E000,Keep as-is or clean opportunistically.,P3,high
src/app/(store)/contact/page.tsx,page,general,yes,page for general.,metadata; ContactPage,84,72,78,10,10,10,22,8,28,Uses any/loose typing.,E000,Keep as-is or clean opportunistically.,P3,high
src/app/(store)/deals/page.tsx,page,general,yes,page for general.,metadata; revalidate; DealsPage,84,82,73,10,10,10,14,8,28,Contains console logging path.,E000,Keep as-is or clean opportunistically.,P3,high
src/app/(store)/faq/page.tsx,page,general,yes,page for general.,metadata; FAQPage,84,82,78,10,10,10,14,8,28,No major issue found in automated/source inspection; reviewed for role and risk.,E000,Keep as-is or clean opportunistically.,P3,high
src/app/(store)/help/page.tsx,page,general,yes,page for general.,metadata; HelpPage,84,82,78,10,10,10,14,8,28,No major issue found in automated/source inspection; reviewed for role and risk.,E000,Keep as-is or clean opportunistically.,P3,high
src/app/(store)/layout.tsx,layout,general,yes,layout for general.,StoreLayout,84,82,78,10,10,10,14,8,8,No major issue found in automated/source inspection; reviewed for role and risk.,E000,Keep as-is or clean opportunistically.,P3,high
src/app/(store)/new-arrivals/page.tsx,page,general,yes,page for general.,metadata; revalidate; NewArrivalsPage,84,82,73,10,10,10,14,8,28,Contains console logging path.,E000,Keep as-is or clean opportunistically.,P3,high
src/app/(store)/order/[orderNumber]/confirmation/page.tsx,page,checkout_orders,yes,page for checkout_orders.,OrderConfirmationPage,84,82,53,80,10,10,49,8,28,Public orderNumber lookup renders personal delivery details.,E022,Require auth and owner match or signed short-lived token before rendering order details.,P0,high
src/app/(store)/page.tsx,page,general,yes,page for general.,metadata; revalidate; HomePage,84,82,78,10,10,10,14,8,28,No major issue found in automated/source inspection; reviewed for role and risk.,E015,Keep as-is or clean opportunistically.,P3,high
src/app/(store)/privacy/page.tsx,page,general,yes,page for general.,metadata; PrivacyPage,84,82,78,10,10,10,14,8,28,No major issue found in automated/source inspection; reviewed for role and risk.,E000,Keep as-is or clean opportunistically.,P3,high
src/app/(store)/products/[slug]/page.tsx,page,product_catalog,yes,page for product_catalog.,revalidate; generateMetadata; ProductPage,84,82,78,10,10,60,14,8,28,No major issue found in automated/source inspection; reviewed for role and risk.,E016,Keep as-is or clean opportunistically.,P3,high
src/app/(store)/returns/page.tsx,page,post_purchase,yes,page for post_purchase.,metadata; ReturnsPage,84,82,78,10,10,10,14,8,28,No major issue found in automated/source inspection; reviewed for role and risk.,E000,Keep as-is or clean opportunistically.,P3,high
src/app/(store)/search/page.tsx,page,search_discovery,yes,page for search_discovery.,generateMetadata; SearchPage,84,72,78,10,28,35,22,8,28,Uses any/loose typing. Listing page is SEO/performance-sensitive.,E018,Keep as-is or clean opportunistically.,P3,high
src/app/(store)/shipping/page.tsx,page,general,yes,page for general.,metadata; ShippingPage,84,82,78,10,10,10,14,8,28,No major issue found in automated/source inspection; reviewed for role and risk.,E000,Keep as-is or clean opportunistically.,P3,high
src/app/(store)/terms/page.tsx,page,general,yes,page for general.,metadata; TermsPage,84,72,78,10,10,10,22,8,28,Uses any/loose typing.,E000,Keep as-is or clean opportunistically.,P3,high
src/app/(store)/track-order/page.tsx,page,general,yes,page for general.,metadata; TrackOrderPage,84,82,78,10,10,10,14,8,28,No major issue found in automated/source inspection; reviewed for role and risk.,E000,Keep as-is or clean opportunistically.,P3,high
src/app/(store)/wishlist/page.tsx,page,buyer_client_state,yes,page for buyer_client_state.,WishlistPage,84,72,78,10,10,10,22,8,28,Uses any/loose typing.,E000,Keep as-is or clean opportunistically.,P3,high
src/app/api/account/addresses/[id]/route.ts,api_route,buyer_account,yes,api_route for buyer_account.,PUT; DELETE,84,82,78,28,10,10,14,8,8,Mutation route has no local rateLimit call visible.,E059;E060,Keep as-is or clean opportunistically.,P3,high
src/app/api/account/addresses/route.ts,api_route,buyer_account,yes,api_route for buyer_account.,POST,84,82,78,28,10,10,14,8,8,Mutation route has no local rateLimit call visible.,E059;E060,Keep as-is or clean opportunistically.,P3,high
src/app/api/account/profile/route.ts,api_route,buyer_account,yes,api_route for buyer_account.,PUT,84,82,78,28,10,10,14,8,8,Mutation route has no local rateLimit call visible.,E059;E060,Keep as-is or clean opportunistically.,P3,high
src/app/api/admin/banners/[id]/route.ts,api_route,admin_rbac_operations,yes,api_route for admin_rbac_operations.,PUT; DELETE,84,82,73,46,10,10,14,8,8,Contains console logging path. Mutation route has no local rateLimit call visible.,E060,Fix before launch while preserving visuals.,P1,high
src/app/api/admin/banners/route.ts,api_route,admin_rbac_operations,yes,api_route for admin_rbac_operations.,POST,84,82,78,46,10,10,14,8,8,Mutation route has no local rateLimit call visible.,E060,Fix before launch while preserving visuals.,P1,high
src/app/api/admin/categories/[id]/route.ts,api_route,admin_rbac_operations,yes,api_route for admin_rbac_operations.,PUT; DELETE,84,82,73,46,10,10,14,8,8,Contains console logging path. Mutation route has no local rateLimit call visible.,E060,Fix before launch while preserving visuals.,P1,high
src/app/api/admin/categories/route.ts,api_route,admin_rbac_operations,yes,api_route for admin_rbac_operations.,POST,84,82,78,46,10,10,14,8,8,Mutation route has no local rateLimit call visible.,E060,Fix before launch while preserving visuals.,P1,high
src/app/api/admin/content/[id]/route.ts,api_route,admin_rbac_operations,yes,api_route for admin_rbac_operations.,PUT; DELETE,84,82,78,46,10,10,14,8,8,Mutation route has no local rateLimit call visible.,E060,Fix before launch while preserving visuals.,P1,high
src/app/api/admin/content/route.ts,api_route,admin_rbac_operations,yes,api_route for admin_rbac_operations.,POST,84,82,78,46,10,10,14,8,8,Mutation route has no local rateLimit call visible.,E060,Fix before launch while preserving visuals.,P1,high
src/app/api/admin/coupons/[id]/route.ts,api_route,admin_rbac_operations,yes,api_route for admin_rbac_operations.,PUT; DELETE,84,82,78,46,10,10,14,8,8,Mutation route has no local rateLimit call visible.,E060,Fix before launch while preserving visuals.,P1,high
src/app/api/admin/coupons/route.ts,api_route,admin_rbac_operations,yes,api_route for admin_rbac_operations.,POST,84,82,78,46,10,10,14,8,8,Mutation route has no local rateLimit call visible.,E060,Fix before launch while preserving visuals.,P1,high
src/app/api/admin/flash-sales/[id]/route.ts,api_route,admin_rbac_operations,yes,api_route for admin_rbac_operations.,PUT; DELETE,84,82,78,46,10,10,14,8,8,Mutation route has no local rateLimit call visible.,E060,Fix before launch while preserving visuals.,P1,high
src/app/api/admin/flash-sales/route.ts,api_route,admin_rbac_operations,yes,api_route for admin_rbac_operations.,POST,84,82,78,46,10,10,14,8,8,Mutation route has no local rateLimit call visible.,E060,Fix before launch while preserving visuals.,P1,high
src/app/api/admin/inventory/products/[id]/route.ts,api_route,admin_rbac_operations,yes,api_route for admin_rbac_operations.,PATCH,84,82,78,46,10,10,14,8,8,Mutation route has no local rateLimit call visible.,E060,Fix before launch while preserving visuals.,P1,high
src/app/api/admin/notifications/[id]/route.ts,api_route,admin_rbac_operations,yes,api_route for admin_rbac_operations.,PATCH; DELETE,84,82,78,46,10,10,14,8,8,Mutation route has no local rateLimit call visible.,E060,Fix before launch while preserving visuals.,P1,high
src/app/api/admin/notifications/route.ts,api_route,admin_rbac_operations,yes,api_route for admin_rbac_operations.,GET; POST,84,82,78,46,10,10,14,8,8,Mutation route has no local rateLimit call visible.,E060,Fix before launch while preserving visuals.,P1,high
src/app/api/admin/orders/[id]/payment-status/route.ts,api_route,admin_rbac_operations,yes,api_route for admin_rbac_operations.,PATCH,84,82,78,46,10,10,14,8,8,Mutation route has no local rateLimit call visible.,E050;E060,Fix before launch while preserving visuals.,P1,high
src/app/api/admin/orders/[id]/status/route.ts,api_route,admin_rbac_operations,yes,api_route for admin_rbac_operations.,PATCH,84,82,78,46,10,10,14,8,8,Mutation route has no local rateLimit call visible.,E049;E060,Fix before launch while preserving visuals.,P1,high
src/app/api/admin/products/[id]/route.ts,api_route,admin_rbac_operations,yes,api_route for admin_rbac_operations.,PUT; DELETE,84,82,73,46,10,10,14,8,8,Contains console logging path. Mutation route has no local rateLimit call visible.,E060,Fix before launch while preserving visuals.,P1,high
src/app/api/admin/products/route.ts,api_route,admin_rbac_operations,yes,api_route for admin_rbac_operations.,POST,84,82,78,46,10,10,14,8,8,Mutation route has no local rateLimit call visible.,E060,Fix before launch while preserving visuals.,P1,high
src/app/api/admin/reports/export/route.ts,api_route,admin_rbac_operations,yes,api_route for admin_rbac_operations.,GET,84,72,78,28,10,10,22,8,8,Uses any/loose typing.,E030,Keep as-is or clean opportunistically.,P3,high
src/app/api/admin/reports/route.ts,api_route,admin_rbac_operations,yes,api_route for admin_rbac_operations.,GET,84,72,78,28,10,10,22,8,8,Uses any/loose typing.,E030,Keep as-is or clean opportunistically.,P3,high
src/app/api/admin/returns/[id]/route.ts,api_route,admin_rbac_operations,yes,api_route for admin_rbac_operations.,GET; PATCH,84,82,78,46,10,10,14,8,8,Mutation route has no local rateLimit call visible.,E060,Fix before launch while preserving visuals.,P1,high
src/app/api/admin/returns/route.ts,api_route,admin_rbac_operations,yes,api_route for admin_rbac_operations.,GET,84,82,78,28,10,10,14,8,8,No major issue found in automated/source inspection; reviewed for role and risk.,E000,Keep as-is or clean opportunistically.,P3,high
src/app/api/admin/reviews/[id]/route.ts,api_route,admin_rbac_operations,yes,api_route for admin_rbac_operations.,PATCH,84,82,78,46,10,10,14,8,8,Mutation route has no local rateLimit call visible.,E060,Fix before launch while preserving visuals.,P1,high
src/app/api/admin/settings/route.ts,api_route,admin_rbac_operations,yes,api_route for admin_rbac_operations.,GET; PATCH,84,82,78,46,10,10,14,8,8,Mutation route has no local rateLimit call visible.,E060,Fix before launch while preserving visuals.,P1,high
src/app/api/admin/users/[id]/route.ts,api_route,admin_rbac_operations,yes,api_route for admin_rbac_operations.,GET; PATCH,84,82,78,46,10,10,14,8,8,Mutation route has no local rateLimit call visible.,E028;E060,Fix before launch while preserving visuals.,P1,high
src/app/api/admin/users/route.ts,api_route,admin_rbac_operations,yes,api_route for admin_rbac_operations.,GET,84,82,78,28,10,10,14,8,8,No major issue found in automated/source inspection; reviewed for role and risk.,E000,Keep as-is or clean opportunistically.,P3,high
src/app/api/auth/[...nextauth]/route.ts,api_route,auth_session,yes,api_route for auth_session.,none detected,84,82,78,28,10,10,14,8,8,No major issue found in automated/source inspection; reviewed for role and risk.,E004,Keep as-is or clean opportunistically.,P3,high
src/app/api/auth/register/route.ts,api_route,auth_session,yes,api_route for auth_session.,POST,84,72,78,61,10,10,22,8,8,Uses any/loose typing. Mutation route has no visible auth/requireAdminSession call.,E004;E060,Fix before launch while preserving visuals.,P1,high
src/app/api/contact/route.ts,api_route,general,yes,api_route for general.,POST,84,82,78,43,10,10,14,8,8,Mutation route has no visible auth/requireAdminSession call.,E048;E060,Keep as-is or clean opportunistically.,P3,high
src/app/api/coupons/validate/route.ts,api_route,general,yes,api_route for general.,GET,84,82,78,10,10,10,14,8,8,No major issue found in automated/source inspection; reviewed for role and risk.,E000,Keep as-is or clean opportunistically.,P3,high
src/app/api/newsletter/route.ts,api_route,general,yes,api_route for general.,POST,84,82,78,43,10,10,14,8,8,Mutation route has no visible auth/requireAdminSession call.,E048;E060,Keep as-is or clean opportunistically.,P3,high
src/app/api/orders/route.ts,api_route,checkout_orders,yes,api_route for checkout_orders.,GET; POST,84,82,73,28,10,10,14,8,8,Contains console logging path.,E019;E060,Keep as-is or clean opportunistically.,P3,high
src/app/api/products/[id]/view/route.ts,api_route,product_catalog,yes,api_route for product_catalog.,POST,84,82,78,28,10,10,14,8,8,Mutation route has no local rateLimit call visible.,E052;E060,Keep as-is or clean opportunistically.,P3,high
src/app/api/products/route.ts,api_route,product_catalog,yes,api_route for product_catalog.,GET,84,82,78,10,10,10,14,8,8,No major issue found in automated/source inspection; reviewed for role and risk.,E000,Keep as-is or clean opportunistically.,P3,high
src/app/api/returns/route.ts,api_route,post_purchase,yes,api_route for post_purchase.,POST,84,82,73,28,10,10,14,8,8,Contains console logging path. Mutation route has no local rateLimit call visible.,E025;E060,Keep as-is or clean opportunistically.,P3,high
src/app/api/reviews/route.ts,api_route,post_purchase,yes,api_route for post_purchase.,POST; GET,84,82,78,28,10,10,14,8,8,No major issue found in automated/source inspection; reviewed for role and risk.,E024;E060,Keep as-is or clean opportunistically.,P3,high
src/app/api/search/suggestions/route.ts,api_route,search_discovery,yes,api_route for search_discovery.,GET,84,82,78,10,10,10,14,8,8,No major issue found in automated/source inspection; reviewed for role and risk.,E000,Keep as-is or clean opportunistically.,P3,high
src/app/globals.css,css,general,yes,css for general.,none detected,84,82,78,10,10,10,14,8,8,No major issue found in automated/source inspection; reviewed for role and risk.,E000,Keep as-is or clean opportunistically.,P3,high
src/app/layout.tsx,layout,general,yes,layout for general.,metadata; viewport; RootLayout,84,82,78,10,10,10,14,8,8,No major issue found in automated/source inspection; reviewed for role and risk.,E000,Keep as-is or clean opportunistically.,P3,high
src/app/opengraph-image.tsx,tsx,seo,yes,tsx for seo.,alt; size; contentType; OpengraphImage,84,82,78,10,10,10,14,8,8,No major issue found in automated/source inspection; reviewed for role and risk.,E000,Keep as-is or clean opportunistically.,P3,high
src/app/robots.ts,ts,seo,yes,ts for seo.,robots,84,82,78,10,10,60,14,8,8,No major issue found in automated/source inspection; reviewed for role and risk.,E013,Keep as-is or clean opportunistically.,P3,high
src/app/sitemap.ts,ts,seo,yes,ts for seo.,sitemap,84,82,73,10,10,60,14,8,8,Contains console logging path.,E012;E056,Keep as-is or clean opportunistically.,P3,high
src/backend/account/address.ts,backend_module,buyer_account,yes,backend_module for buyer_account.,addressPayloadSchema; AddressPayload; parseAddressPayload,84,82,78,10,10,10,14,8,8,No major issue found in automated/source inspection; reviewed for role and risk.,E000,Keep as-is or clean opportunistically.,P3,high
src/backend/account/profile.ts,backend_module,buyer_account,yes,backend_module for buyer_account.,ProfilePayload; parseProfilePayload,84,82,78,10,10,10,14,8,8,No major issue found in automated/source inspection; reviewed for role and risk.,E000,Keep as-is or clean opportunistically.,P3,high
src/backend/admin/admin-utils.ts,backend_module,admin_rbac_operations,yes,backend_module for admin_rbac_operations.,requireAdminSession; isSuperAdminRole; logAdminAudit; ensureUniqueSlug; isManagedAdminUpload; resolveManagedPublicUploadPath; persistAdminUpload; deleteManagedAdminUpload; cleanupManagedAdminUploads; deleteReplacedAdminUploads,84,72,78,10,10,10,22,8,8,Uses any/loose typing.,E007;E029,Keep as-is or clean opportunistically.,P3,high
src/backend/admin/banner-editor.ts,backend_module,admin_rbac_operations,yes,backend_module for admin_rbac_operations.,AdminBannerPayload; parseAdminBannerPayload,84,82,78,10,10,10,14,8,8,No major issue found in automated/source inspection; reviewed for role and risk.,E000,Keep as-is or clean opportunistically.,P3,high
src/backend/admin/category-editor.ts,backend_module,admin_rbac_operations,yes,backend_module for admin_rbac_operations.,AdminCategoryPayload; parseAdminCategoryPayload; assertValidCategoryParent,84,82,78,10,10,10,14,8,8,No major issue found in automated/source inspection; reviewed for role and risk.,E000,Keep as-is or clean opportunistically.,P3,high
src/backend/admin/coupon-editor.ts,backend_module,admin_rbac_operations,yes,backend_module for admin_rbac_operations.,AdminCouponPayload; parseAdminCouponPayload; validateCouponRelations; resolveCouponMutationError,84,82,78,10,10,10,14,8,8,No major issue found in automated/source inspection; reviewed for role and risk.,E000,Keep as-is or clean opportunistically.,P3,high
src/backend/admin/flash-sale-editor.ts,backend_module,admin_rbac_operations,yes,backend_module for admin_rbac_operations.,AdminFlashSalePayload; parseAdminFlashSalePayload; validateFlashSaleProducts,84,82,78,10,10,10,14,8,8,No major issue found in automated/source inspection; reviewed for role and risk.,E000,Keep as-is or clean opportunistically.,P3,high
src/backend/admin/homepage-section-editor.ts,backend_module,admin_rbac_operations,yes,backend_module for admin_rbac_operations.,AdminHomepageSectionPayload; parseAdminHomepageSectionPayload,84,82,78,10,10,10,14,8,8,No major issue found in automated/source inspection; reviewed for role and risk.,E000,Keep as-is or clean opportunistically.,P3,high
src/backend/admin/image-processing.ts,backend_module,admin_rbac_operations,yes,backend_module for admin_rbac_operations.,persistOptimizedImageUpload,84,82,78,10,10,10,14,8,8,No major issue found in automated/source inspection; reviewed for role and risk.,E027,Keep as-is or clean opportunistically.,P3,high
src/backend/admin/inventory-editor.ts,backend_module,admin_rbac_operations,yes,backend_module for admin_rbac_operations.,AdminInventoryPayload; parseAdminInventoryPayload,84,82,78,10,10,10,14,8,8,No major issue found in automated/source inspection; reviewed for role and risk.,E000,Keep as-is or clean opportunistically.,P3,high
src/backend/admin/notification-editor.ts,backend_module,admin_rbac_operations,yes,backend_module for admin_rbac_operations.,ADMIN_NOTIFICATION_TYPES; ADMIN_NOTIFICATION_RECIPIENT_TYPES; AdminNotificationPayload; parseAdminNotificationPayload; parseAdminNotificationReadPayload; resolveNotificationAudienceWhere,84,82,78,10,10,10,14,8,8,No major issue found in automated/source inspection; reviewed for role and risk.,E000,Keep as-is or clean opportunistically.,P3,high
src/backend/admin/order-update-editor.ts,backend_module,admin_rbac_operations,yes,backend_module for admin_rbac_operations.,AdminOrderStatusPayload; AdminPaymentStatusPayload; parseAdminOrderStatusPayload; parseAdminPaymentStatusPayload,84,82,78,10,10,10,14,8,8,No major issue found in automated/source inspection; reviewed for role and risk.,E000,Keep as-is or clean opportunistically.,P3,high
src/backend/admin/product-editor.ts,backend_module,admin_rbac_operations,yes,backend_module for admin_rbac_operations.,AdminProductPayload; parseAdminProductPayload; AdminCategoryOption; AdminEditableProduct; requireAdminSession; ensureUniqueProductSlug; deleteManagedUpload; cleanupManagedUploads; normalizeProductImages; deleteRemovedProductImages; normalizeTags; normalizeVariants,84,82,78,10,10,10,14,8,8,No major issue found in automated/source inspection; reviewed for role and risk.,E026,Keep as-is or clean opportunistically.,P3,high
src/backend/admin/reports.ts,backend_module,admin_rbac_operations,yes,backend_module for admin_rbac_operations.,parseAdminReportRange; getAdminReportData; escapeCsvValue; buildAdminReportCsv,84,82,78,10,10,10,14,8,8,No major issue found in automated/source inspection; reviewed for role and risk.,E030,Keep as-is or clean opportunistically.,P3,high
src/backend/admin/return-editor.ts,backend_module,admin_rbac_operations,yes,backend_module for admin_rbac_operations.,AdminReturnPayload; parseAdminReturnPayload; parseAdminReturnStatusFilter; resolveReturnOrderStatus,84,82,78,10,10,10,14,8,8,No major issue found in automated/source inspection; reviewed for role and risk.,E000,Keep as-is or clean opportunistically.,P3,high
src/backend/admin/review-moderation.ts,backend_module,admin_rbac_operations,yes,backend_module for admin_rbac_operations.,parseAdminReviewModerationPayload,84,82,78,10,10,10,14,8,8,No major issue found in automated/source inspection; reviewed for role and risk.,E000,Keep as-is or clean opportunistically.,P3,high
src/backend/admin/settings-editor.ts,backend_module,admin_rbac_operations,yes,backend_module for admin_rbac_operations.,ADMIN_SETTING_DEFINITIONS; AdminSettingEntry; parseAdminSettingsPayload,84,82,78,10,10,10,14,8,8,No major issue found in automated/source inspection; reviewed for role and risk.,E000,Keep as-is or clean opportunistically.,P3,high
src/backend/admin/user-editor.ts,backend_module,admin_rbac_operations,yes,backend_module for admin_rbac_operations.,ADMIN_MANAGED_ROLES; AdminUserPayload; parseAdminUserPayload; parseAdminUserListFilters; buildAdminUserWhere,84,82,78,10,10,10,14,8,8,No major issue found in automated/source inspection; reviewed for role and risk.,E000,Keep as-is or clean opportunistically.,P3,high
src/backend/auth/config.ts,backend_module,auth_session,yes,backend_module for auth_session.,authConfig,84,82,78,28,10,10,14,8,8,No major issue found in automated/source inspection; reviewed for role and risk.,E004,Keep as-is or clean opportunistically.,P3,high
src/backend/auth/index.ts,backend_module,auth_session,yes,backend_module for auth_session.,none detected,84,82,78,28,10,10,14,8,8,No major issue found in automated/source inspection; reviewed for role and risk.,E004,Keep as-is or clean opportunistically.,P3,high
src/backend/catalog/product-price-filter.ts,backend_module,product_catalog,yes,backend_module for product_catalog.,parsePriceParam; buildEffectivePriceWhere; EffectivePriceSortDirection; getEffectivePriceSortDirection; sortProductsByEffectivePrice,84,82,78,10,10,10,14,8,8,No major issue found in automated/source inspection; reviewed for role and risk.,E000,Keep as-is or clean opportunistically.,P3,high
src/backend/commerce-stats.ts,backend_module,general,yes,backend_module for general.,SOLD_ORDER_STATUSES; syncProductSoldCounts; recordProductView,84,82,78,10,10,10,14,8,8,No major issue found in automated/source inspection; reviewed for role and risk.,E000,Keep as-is or clean opportunistically.,P3,high
src/backend/config/index.ts,backend_module,general,yes,backend_module for general.,none detected,84,82,78,10,10,10,14,8,8,No major issue found in automated/source inspection; reviewed for role and risk.,E000,Keep as-is or clean opportunistically.,P3,high
src/backend/config/payment.ts,backend_module,payment_readiness,yes,backend_module for payment_readiness.,PAYMENT_GATEWAYS,84,82,78,10,10,10,14,16,8,Contains placeholder/TODO/coming-soon language or logic.,E021,Keep as-is or clean opportunistically.,P3,high
src/backend/config/site.ts,backend_module,general,yes,backend_module for general.,siteConfig,84,82,78,10,10,10,14,8,8,No major issue found in automated/source inspection; reviewed for role and risk.,E000,Keep as-is or clean opportunistically.,P3,high
src/backend/database/index.ts,backend_module,general,yes,backend_module for general.,db,84,72,78,10,10,10,22,8,8,Uses any/loose typing.,E041,Keep as-is or clean opportunistically.,P3,high
src/backend/reviews.ts,backend_module,post_purchase,yes,backend_module for post_purchase.,ReviewAccessState; ReviewPayload; parseReviewPayload; getApprovedReviewStats; syncProductReviewStats,84,82,78,10,10,10,14,8,8,No major issue found in automated/source inspection; reviewed for role and risk.,E000,Keep as-is or clean opportunistically.,P3,high
src/backend/security/rate-limit.ts,backend_module,security,yes,backend_module for security.,rateLimit,84,82,78,10,10,10,14,8,8,No major issue found in automated/source inspection; reviewed for role and risk.,E008,Keep as-is or clean opportunistically.,P3,high
src/backend/seo/JsonLd.tsx,backend_module,seo,yes,backend_module for seo.,JsonLd,84,82,78,10,10,60,14,8,8,No major issue found in automated/source inspection; reviewed for role and risk.,E000,Keep as-is or clean opportunistically.,P3,high
src/backend/seo/constants.ts,backend_module,seo,yes,backend_module for seo.,SEO,84,82,78,10,10,60,14,8,8,No major issue found in automated/source inspection; reviewed for role and risk.,E000,Keep as-is or clean opportunistically.,P3,high
src/backend/seo/index.ts,backend_module,seo,yes,backend_module for seo.,none detected,84,82,78,10,10,60,14,8,8,No major issue found in automated/source inspection; reviewed for role and risk.,E000,Keep as-is or clean opportunistically.,P3,high
src/backend/seo/metadata.ts,backend_module,seo,yes,backend_module for seo.,generateProductMetadata; generateCategoryMetadata; generatePageMetadata,84,82,78,10,10,60,14,8,8,No major issue found in automated/source inspection; reviewed for role and risk.,E011,Keep as-is or clean opportunistically.,P3,high
src/backend/seo/structured-data.ts,backend_module,seo,yes,backend_module for seo.,generateProductJsonLd; generateBreadcrumbJsonLd; generateOrganizationJsonLd; generateWebsiteJsonLd; generateLocalBusinessJsonLd; generateFAQJsonLd; generateItemListJsonLd,84,82,78,10,10,60,14,8,8,No major issue found in automated/source inspection; reviewed for role and risk.,E014,Keep as-is or clean opportunistically.,P3,high
src/backend/types/api.ts,backend_module,general,yes,backend_module for general.,ApiResponse; PaginatedResponse,84,82,78,10,10,10,14,8,8,No major issue found in automated/source inspection; reviewed for role and risk.,E000,Keep as-is or clean opportunistically.,P3,high
src/backend/types/auth.ts,backend_module,general,yes,backend_module for general.,none detected,84,82,78,28,10,10,14,8,8,No major issue found in automated/source inspection; reviewed for role and risk.,E000,Keep as-is or clean opportunistically.,P3,high
src/backend/types/category.ts,backend_module,category_taxonomy,yes,backend_module for category_taxonomy.,CategoryTree,84,82,78,10,10,10,14,8,8,No major issue found in automated/source inspection; reviewed for role and risk.,E000,Keep as-is or clean opportunistically.,P3,high
src/backend/types/index.ts,backend_module,general,yes,backend_module for general.,none detected,84,82,78,10,10,10,14,8,8,No major issue found in automated/source inspection; reviewed for role and risk.,E000,Keep as-is or clean opportunistically.,P3,high
src/backend/types/order.ts,backend_module,general,yes,backend_module for general.,OrderData; OrderItemData; AddressData,84,82,78,10,10,10,14,8,8,No major issue found in automated/source inspection; reviewed for role and risk.,E000,Keep as-is or clean opportunistically.,P3,high
src/backend/types/payment.ts,backend_module,general,yes,backend_module for general.,PaymentGateway,84,82,78,10,10,10,14,8,8,No major issue found in automated/source inspection; reviewed for role and risk.,E000,Keep as-is or clean opportunistically.,P3,high
src/backend/types/product.ts,backend_module,product_catalog,yes,backend_module for product_catalog.,ProductCardData; ProductDetailData; VariantData; ReviewData,84,82,78,10,10,10,14,8,8,No major issue found in automated/source inspection; reviewed for role and risk.,E000,Keep as-is or clean opportunistically.,P3,high
src/backend/types/search.ts,backend_module,search_discovery,yes,backend_module for search_discovery.,SearchFilters,84,82,78,10,10,10,14,8,8,No major issue found in automated/source inspection; reviewed for role and risk.,E000,Keep as-is or clean opportunistically.,P3,high
src/backend/utils/cn.ts,backend_module,general,yes,backend_module for general.,cn,84,82,78,10,10,10,14,8,8,No major issue found in automated/source inspection; reviewed for role and risk.,E000,Keep as-is or clean opportunistically.,P3,high
src/backend/utils/commerce.ts,backend_module,general,yes,backend_module for general.,generateOrderNumber; calculateShipping; applyCoupon,84,82,78,10,10,10,14,8,8,No major issue found in automated/source inspection; reviewed for role and risk.,E000,Keep as-is or clean opportunistically.,P3,high
src/backend/utils/format.ts,backend_module,general,yes,backend_module for general.,formatPrice; calculateDiscount; formatDate; formatDateRelative; getRatingLabel; getStockStatus,84,82,78,10,10,10,14,8,8,No major issue found in automated/source inspection; reviewed for role and risk.,E000,Keep as-is or clean opportunistically.,P3,high
src/backend/utils/index.ts,backend_module,general,yes,backend_module for general.,none detected,84,82,78,10,10,10,14,8,8,No major issue found in automated/source inspection; reviewed for role and risk.,E000,Keep as-is or clean opportunistically.,P3,high
src/backend/utils/string.ts,backend_module,general,yes,backend_module for general.,slugify; truncate; buildSearchParams; getImagePlaceholder,84,82,78,10,10,10,14,8,8,No major issue found in automated/source inspection; reviewed for role and risk.,E000,Keep as-is or clean opportunistically.,P3,high
src/frontend/components/account/AddressManager.tsx,frontend_component,buyer_account,yes,frontend_component for buyer_account.,AddressManager,84,82,78,10,10,10,14,8,28,No major issue found in automated/source inspection; reviewed for role and risk.,E000,Keep as-is or clean opportunistically.,P3,high
src/frontend/components/account/ProfileForm.tsx,frontend_component,buyer_account,yes,frontend_component for buyer_account.,ProfileForm,84,72,78,10,10,10,22,8,28,Uses any/loose typing.,E000,Keep as-is or clean opportunistically.,P3,high
src/frontend/components/account/ReturnRequestButton.tsx,frontend_component,buyer_account,yes,frontend_component for buyer_account.,ReturnRequestButton,84,82,78,10,10,10,14,8,28,No major issue found in automated/source inspection; reviewed for role and risk.,E000,Keep as-is or clean opportunistically.,P3,high
src/frontend/components/admin/AdminHeader.tsx,frontend_component,admin_rbac_operations,yes,frontend_component for admin_rbac_operations.,AdminHeader,84,82,78,10,10,10,14,8,28,No major issue found in automated/source inspection; reviewed for role and risk.,E000,Keep as-is or clean opportunistically.,P3,high
src/frontend/components/admin/AdminImageField.tsx,frontend_component,admin_rbac_operations,yes,frontend_component for admin_rbac_operations.,AdminImageField,84,72,78,10,10,10,22,8,28,Uses any/loose typing.,E000,Keep as-is or clean opportunistically.,P3,high
src/frontend/components/admin/AdminShell.tsx,frontend_component,admin_rbac_operations,yes,frontend_component for admin_rbac_operations.,AdminShell,84,82,78,10,10,10,14,8,28,No major issue found in automated/source inspection; reviewed for role and risk.,E000,Keep as-is or clean opportunistically.,P3,high
src/frontend/components/admin/AdminSidebar.tsx,frontend_component,admin_rbac_operations,yes,frontend_component for admin_rbac_operations.,ADMIN_NAV_ITEMS; AdminSidebar,84,82,78,10,10,10,14,8,28,No major issue found in automated/source inspection; reviewed for role and risk.,E000,Keep as-is or clean opportunistically.,P3,high
src/frontend/components/admin/BannerEditorForm.tsx,frontend_component,admin_rbac_operations,yes,frontend_component for admin_rbac_operations.,BannerEditorForm,84,82,78,10,10,10,14,8,28,No major issue found in automated/source inspection; reviewed for role and risk.,E000,Keep as-is or clean opportunistically.,P3,high
src/frontend/components/admin/CategoryEditorForm.tsx,frontend_component,admin_rbac_operations,yes,frontend_component for admin_rbac_operations.,CategoryEditorForm,84,82,78,10,10,10,14,8,28,No major issue found in automated/source inspection; reviewed for role and risk.,E000,Keep as-is or clean opportunistically.,P3,high
src/frontend/components/admin/CouponEditorForm.tsx,frontend_component,admin_rbac_operations,yes,frontend_component for admin_rbac_operations.,CouponEditorForm,84,82,78,10,10,10,14,8,28,No major issue found in automated/source inspection; reviewed for role and risk.,E000,Keep as-is or clean opportunistically.,P3,high
src/frontend/components/admin/FlashSaleEditorForm.tsx,frontend_component,admin_rbac_operations,yes,frontend_component for admin_rbac_operations.,FlashSaleEditorForm,84,82,78,10,10,10,14,8,28,No major issue found in automated/source inspection; reviewed for role and risk.,E000,Keep as-is or clean opportunistically.,P3,high
src/frontend/components/admin/HomepageSectionEditorForm.tsx,frontend_component,admin_rbac_operations,yes,frontend_component for admin_rbac_operations.,HomepageSectionEditorForm,84,82,78,10,10,10,14,8,28,No major issue found in automated/source inspection; reviewed for role and risk.,E000,Keep as-is or clean opportunistically.,P3,high
src/frontend/components/admin/InventoryAdjustmentPanel.tsx,frontend_component,admin_rbac_operations,yes,frontend_component for admin_rbac_operations.,InventoryAdjustmentPanel,84,82,78,10,10,10,14,8,28,No major issue found in automated/source inspection; reviewed for role and risk.,E000,Keep as-is or clean opportunistically.,P3,high
src/frontend/components/admin/NotificationComposer.tsx,frontend_component,admin_rbac_operations,yes,frontend_component for admin_rbac_operations.,NotificationComposer,84,82,78,10,10,10,14,8,28,No major issue found in automated/source inspection; reviewed for role and risk.,E000,Keep as-is or clean opportunistically.,P3,high
src/frontend/components/admin/NotificationRowActions.tsx,frontend_component,admin_rbac_operations,yes,frontend_component for admin_rbac_operations.,NotificationRowActions,84,82,78,10,10,10,14,8,28,No major issue found in automated/source inspection; reviewed for role and risk.,E000,Keep as-is or clean opportunistically.,P3,high
src/frontend/components/admin/OrderStatusUpdater.tsx,frontend_component,admin_rbac_operations,yes,frontend_component for admin_rbac_operations.,OrderStatusUpdater,84,82,78,10,10,10,14,8,28,No major issue found in automated/source inspection; reviewed for role and risk.,E000,Keep as-is or clean opportunistically.,P3,high
src/frontend/components/admin/PaymentStatusUpdater.tsx,frontend_component,admin_rbac_operations,yes,frontend_component for admin_rbac_operations.,PaymentStatusUpdater,84,82,78,10,10,10,14,8,28,No major issue found in automated/source inspection; reviewed for role and risk.,E000,Keep as-is or clean opportunistically.,P3,high
src/frontend/components/admin/ProductEditorForm.tsx,frontend_component,admin_rbac_operations,yes,frontend_component for admin_rbac_operations.,ProductEditorForm,84,72,78,10,10,10,22,8,28,Uses any/loose typing.,E000,Keep as-is or clean opportunistically.,P3,high
src/frontend/components/admin/ReturnRequestManager.tsx,frontend_component,admin_rbac_operations,yes,frontend_component for admin_rbac_operations.,ReturnRequestManager,84,82,78,10,10,10,14,8,28,No major issue found in automated/source inspection; reviewed for role and risk.,E000,Keep as-is or clean opportunistically.,P3,high
src/frontend/components/admin/ReviewModerationActions.tsx,frontend_component,admin_rbac_operations,yes,frontend_component for admin_rbac_operations.,ReviewModerationActions,84,82,78,10,10,10,14,8,28,No major issue found in automated/source inspection; reviewed for role and risk.,E000,Keep as-is or clean opportunistically.,P3,high
src/frontend/components/admin/UserManagementForm.tsx,frontend_component,admin_rbac_operations,yes,frontend_component for admin_rbac_operations.,UserManagementForm,84,82,78,10,10,10,14,8,28,No major issue found in automated/source inspection; reviewed for role and risk.,E000,Keep as-is or clean opportunistically.,P3,high
src/frontend/components/admin/category-utils.ts,frontend_component,admin_rbac_operations,yes,frontend_component for admin_rbac_operations.,CategoryTreeNode; getDescendantCategoryIds,84,82,78,10,10,10,14,8,28,No major issue found in automated/source inspection; reviewed for role and risk.,E000,Keep as-is or clean opportunistically.,P3,high
src/frontend/components/admin/form-utils.ts,frontend_component,admin_rbac_operations,yes,frontend_component for admin_rbac_operations.,createRowId; toSlug; readFileAsDataUrl; toDateTimeLocalValue,84,82,78,10,10,10,14,8,28,No major issue found in automated/source inspection; reviewed for role and risk.,E000,Keep as-is or clean opportunistically.,P3,high
src/frontend/components/cart/CartDrawer.tsx,frontend_component,buyer_client_state,yes,frontend_component for buyer_client_state.,CartDrawer,84,82,78,10,10,10,14,8,28,No major issue found in automated/source inspection; reviewed for role and risk.,E000,Keep as-is or clean opportunistically.,P3,high
src/frontend/components/category/category-config.tsx,frontend_component,category_taxonomy,yes,frontend_component for category_taxonomy.,CATEGORY_CONFIG; getCategoryConfig,84,82,78,10,10,10,14,8,28,No major issue found in automated/source inspection; reviewed for role and risk.,E000,Keep as-is or clean opportunistically.,P3,high
src/frontend/components/content/ContactForm.tsx,frontend_component,general,yes,frontend_component for general.,ContactForm,84,82,78,10,10,10,14,8,28,No major issue found in automated/source inspection; reviewed for role and risk.,E000,Keep as-is or clean opportunistically.,P3,high
src/frontend/components/content/ContentPageShell.tsx,frontend_component,general,yes,frontend_component for general.,ContentPageShell,84,82,78,10,10,10,14,8,28,No major issue found in automated/source inspection; reviewed for role and risk.,E000,Keep as-is or clean opportunistically.,P3,high
src/frontend/components/content/FAQContent.tsx,frontend_component,general,yes,frontend_component for general.,FAQSection; FAQContent,84,82,78,10,10,10,14,8,28,No major issue found in automated/source inspection; reviewed for role and risk.,E000,Keep as-is or clean opportunistically.,P3,high
src/frontend/components/content/TrackOrderLookup.tsx,frontend_component,general,yes,frontend_component for general.,TrackOrderLookup,84,82,78,10,10,10,14,8,28,No major issue found in automated/source inspection; reviewed for role and risk.,E000,Keep as-is or clean opportunistically.,P3,high
src/frontend/components/home/FeaturedCategories.tsx,frontend_component,general,yes,frontend_component for general.,FeaturedCategories,84,82,78,10,10,10,14,8,28,No major issue found in automated/source inspection; reviewed for role and risk.,E000,Keep as-is or clean opportunistically.,P3,high
src/frontend/components/home/FeaturedProductRotator.tsx,frontend_component,general,yes,frontend_component for general.,FeaturedProductRotator,84,82,78,10,10,10,14,8,28,No major issue found in automated/source inspection; reviewed for role and risk.,E000,Keep as-is or clean opportunistically.,P3,high
src/frontend/components/home/FlashSaleSection.tsx,frontend_component,general,yes,frontend_component for general.,FlashSaleSection,84,72,78,10,10,10,22,8,28,Uses any/loose typing.,E000,Keep as-is or clean opportunistically.,P3,high
src/frontend/components/home/HeroBanner.tsx,frontend_component,general,yes,frontend_component for general.,HeroBanner,84,82,78,10,10,10,14,8,28,No major issue found in automated/source inspection; reviewed for role and risk.,E000,Keep as-is or clean opportunistically.,P3,high
src/frontend/components/home/ProductGrid.tsx,frontend_component,general,yes,frontend_component for general.,ProductGrid,84,82,78,10,10,10,14,8,28,No major issue found in automated/source inspection; reviewed for role and risk.,E000,Keep as-is or clean opportunistically.,P3,high
src/frontend/components/home/PromoSection.tsx,frontend_component,general,yes,frontend_component for general.,PromoSection; NewsletterSection,84,82,78,10,10,10,14,8,28,No major issue found in automated/source inspection; reviewed for role and risk.,E000,Keep as-is or clean opportunistically.,P3,high
src/frontend/components/layout/BoilabinLogo.tsx,frontend_component,general,yes,frontend_component for general.,BoilabinLogo,84,82,78,10,10,10,14,8,28,No major issue found in automated/source inspection; reviewed for role and risk.,E000,Keep as-is or clean opportunistically.,P3,high
src/frontend/components/layout/BrandWordmark.tsx,frontend_component,general,yes,frontend_component for general.,BrandWordmark,84,82,78,10,10,10,14,8,28,No major issue found in automated/source inspection; reviewed for role and risk.,E000,Keep as-is or clean opportunistically.,P3,high
src/frontend/components/layout/Footer.tsx,frontend_component,general,yes,frontend_component for general.,Footer,84,82,78,10,10,10,14,8,28,No major issue found in automated/source inspection; reviewed for role and risk.,E000,Keep as-is or clean opportunistically.,P3,high
src/frontend/components/layout/Header.tsx,frontend_component,general,yes,frontend_component for general.,Header,84,82,78,10,10,10,14,8,28,No major issue found in automated/source inspection; reviewed for role and risk.,E000,Keep as-is or clean opportunistically.,P3,high
src/frontend/components/layout/NewsletterForm.tsx,frontend_component,general,yes,frontend_component for general.,HomepageNewsletterForm,84,72,78,10,10,10,22,8,28,Uses any/loose typing.,E000,Keep as-is or clean opportunistically.,P3,high
src/frontend/components/product/MobileSearchFilters.tsx,frontend_component,product_catalog,yes,frontend_component for product_catalog.,MobileSearchFilters,84,82,78,10,10,10,14,8,28,No major issue found in automated/source inspection; reviewed for role and risk.,E000,Keep as-is or clean opportunistically.,P3,high
src/frontend/components/product/ProductCard.tsx,frontend_component,product_catalog,yes,frontend_component for product_catalog.,ProductCard; ProductCardSkeleton,84,82,78,10,10,10,14,8,28,No major issue found in automated/source inspection; reviewed for role and risk.,E000,Keep as-is or clean opportunistically.,P3,high
src/frontend/components/product/ProductDetailClient.tsx,frontend_component,product_catalog,yes,frontend_component for product_catalog.,ProductDetailClient,84,82,78,10,10,10,14,8,28,No major issue found in automated/source inspection; reviewed for role and risk.,E000,Keep as-is or clean opportunistically.,P3,high
src/frontend/components/product/ReviewSection.tsx,frontend_component,product_catalog,yes,frontend_component for product_catalog.,ReviewSection,84,82,78,10,10,10,14,8,28,No major issue found in automated/source inspection; reviewed for role and risk.,E000,Keep as-is or clean opportunistically.,P3,high
src/frontend/components/product/SearchFiltersPanel.tsx,frontend_component,product_catalog,yes,frontend_component for product_catalog.,SearchFiltersPanel,84,82,78,10,10,10,14,8,28,No major issue found in automated/source inspection; reviewed for role and risk.,E000,Keep as-is or clean opportunistically.,P3,high
src/frontend/components/search/SortSelect.tsx,frontend_component,search_discovery,yes,frontend_component for search_discovery.,SortSelect,84,82,78,10,10,10,14,8,28,No major issue found in automated/source inspection; reviewed for role and risk.,E000,Keep as-is or clean opportunistically.,P3,high
src/frontend/components/ui/CountdownTimer.tsx,frontend_component,general,yes,frontend_component for general.,CountdownTimer,84,82,78,10,10,10,14,8,28,No major issue found in automated/source inspection; reviewed for role and risk.,E000,Keep as-is or clean opportunistically.,P3,high
src/frontend/components/ui/Providers.tsx,frontend_component,general,yes,frontend_component for general.,Providers,84,82,78,10,10,10,14,8,28,No major issue found in automated/source inspection; reviewed for role and risk.,E000,Keep as-is or clean opportunistically.,P3,high
src/frontend/hooks/index.ts,frontend_component,general,yes,frontend_component for general.,none detected,84,82,78,10,10,10,14,8,8,No major issue found in automated/source inspection; reviewed for role and risk.,E000,Keep as-is or clean opportunistically.,P3,high
src/frontend/stores/cart.ts,frontend_component,buyer_client_state,yes,frontend_component for buyer_client_state.,CartItem; CartCoupon; useCartStore,84,82,78,10,10,10,14,8,8,No major issue found in automated/source inspection; reviewed for role and risk.,E000,Keep as-is or clean opportunistically.,P3,high
src/frontend/stores/compare.ts,frontend_component,buyer_client_state,yes,frontend_component for buyer_client_state.,useCompareStore,84,82,78,10,10,10,14,8,8,No major issue found in automated/source inspection; reviewed for role and risk.,E000,Keep as-is or clean opportunistically.,P3,high
src/frontend/stores/index.ts,frontend_component,buyer_client_state,yes,frontend_component for buyer_client_state.,none detected,84,82,78,10,10,10,14,8,8,No major issue found in automated/source inspection; reviewed for role and risk.,E000,Keep as-is or clean opportunistically.,P3,high
src/frontend/stores/wishlist.ts,frontend_component,buyer_client_state,yes,frontend_component for buyer_client_state.,useWishlistStore,84,82,78,10,10,10,14,8,8,No major issue found in automated/source inspection; reviewed for role and risk.,E000,Keep as-is or clean opportunistically.,P3,high
src/frontend/utils/safe-callback-url.ts,frontend_component,general,yes,frontend_component for general.,getSafeCallbackUrl,84,82,78,10,10,10,14,8,8,No major issue found in automated/source inspection; reviewed for role and risk.,E000,Keep as-is or clean opportunistically.,P3,high
src/middleware.ts,ts,auth_session,yes,ts for auth_session.,middleware; config,84,82,78,10,10,10,14,8,8,No major issue found in automated/source inspection; reviewed for role and risk.,E005,Keep as-is or clean opportunistically.,P3,high
src/shared/assets.ts,ts,assets_uploads,yes,ts for assets_uploads.,BRAND_ASSETS; PAYMENT_ASSETS,84,82,78,10,10,10,14,8,8,No major issue found in automated/source inspection; reviewed for role and risk.,E000,Keep as-is or clean opportunistically.,P3,high
src/shared/category-media.ts,ts,category_taxonomy,yes,ts for category_taxonomy.,getCategoryMediaPath,84,82,78,10,10,10,14,8,8,No major issue found in automated/source inspection; reviewed for role and risk.,E000,Keep as-is or clean opportunistically.,P3,high
src/shared/contact.ts,ts,general,yes,ts for general.,CONTACT_EMAIL; CONTACT_PHONE; CONTACT_ADDRESS; INSTAGRAM_URL; FACEBOOK_URL,84,82,78,10,10,10,14,8,8,No major issue found in automated/source inspection; reviewed for role and risk.,E000,Keep as-is or clean opportunistically.,P3,high
src/types/globals.d.ts,ts,general,yes,ts for general.,none detected,84,82,78,10,10,10,14,8,8,No major issue found in automated/source inspection; reviewed for role and risk.,E000,Keep as-is or clean opportunistically.,P3,high
src/types/hookform-resolvers-zod.d.ts,ts,general,yes,ts for general.,none detected,84,82,78,10,10,10,14,8,8,No major issue found in automated/source inspection; reviewed for role and risk.,E000,Keep as-is or clean opportunistically.,P3,high
tailwind.config.ts,ts,general,yes,ts for general.,none detected,84,82,78,10,10,10,14,8,8,No major issue found in automated/source inspection; reviewed for role and risk.,E000,Keep as-is or clean opportunistically.,P3,high
tests/address-validation.test.ts,test,tests,yes,test for tests.,none detected,88,82,86,2,10,10,14,8,8,No major issue found in automated/source inspection; reviewed for role and risk.,E000,Keep as-is or clean opportunistically.,P3,high
tests/admin-reports.test.ts,test,admin_rbac_operations,yes,test for admin_rbac_operations.,none detected,88,82,86,2,10,10,14,8,8,No major issue found in automated/source inspection; reviewed for role and risk.,E030,Keep as-is or clean opportunistically.,P3,high
tests/admin-user-validation.test.ts,test,admin_rbac_operations,yes,test for admin_rbac_operations.,none detected,88,82,86,2,10,10,14,8,8,No major issue found in automated/source inspection; reviewed for role and risk.,E000,Keep as-is or clean opportunistically.,P3,high
tests/banner-validation.test.ts,test,tests,yes,test for tests.,none detected,88,82,86,2,10,10,14,8,8,No major issue found in automated/source inspection; reviewed for role and risk.,E000,Keep as-is or clean opportunistically.,P3,high
tests/category-utils.test.ts,test,category_taxonomy,yes,test for category_taxonomy.,none detected,88,82,86,2,10,10,14,8,8,No major issue found in automated/source inspection; reviewed for role and risk.,E000,Keep as-is or clean opportunistically.,P3,high
tests/category-validation.test.ts,test,category_taxonomy,yes,test for category_taxonomy.,none detected,88,82,86,2,10,10,14,8,8,No major issue found in automated/source inspection; reviewed for role and risk.,E000,Keep as-is or clean opportunistically.,P3,high
tests/commerce-utils.test.ts,test,tests,yes,test for tests.,none detected,88,82,86,2,10,10,14,8,8,No major issue found in automated/source inspection; reviewed for role and risk.,E000,Keep as-is or clean opportunistically.,P3,high
tests/coupon-validation.test.ts,test,tests,yes,test for tests.,none detected,88,82,86,2,10,10,14,8,8,No major issue found in automated/source inspection; reviewed for role and risk.,E000,Keep as-is or clean opportunistically.,P3,high
tests/flash-sale-validation.test.ts,test,tests,yes,test for tests.,none detected,88,82,86,2,10,10,14,8,8,No major issue found in automated/source inspection; reviewed for role and risk.,E000,Keep as-is or clean opportunistically.,P3,high
tests/homepage-section-validation.test.ts,test,tests,yes,test for tests.,none detected,88,82,86,2,10,10,14,8,8,No major issue found in automated/source inspection; reviewed for role and risk.,E000,Keep as-is or clean opportunistically.,P3,high
tests/inventory-validation.test.ts,test,tests,yes,test for tests.,none detected,88,82,86,2,10,10,14,8,8,No major issue found in automated/source inspection; reviewed for role and risk.,E000,Keep as-is or clean opportunistically.,P3,high
tests/notification-validation.test.ts,test,tests,yes,test for tests.,none detected,88,82,86,2,10,10,14,8,8,No major issue found in automated/source inspection; reviewed for role and risk.,E000,Keep as-is or clean opportunistically.,P3,high
tests/order-update-validation.test.ts,test,tests,yes,test for tests.,none detected,88,82,86,2,10,10,14,8,8,No major issue found in automated/source inspection; reviewed for role and risk.,E000,Keep as-is or clean opportunistically.,P3,high
tests/product-validation.test.ts,test,product_catalog,yes,test for product_catalog.,none detected,88,82,86,2,10,10,14,8,8,No major issue found in automated/source inspection; reviewed for role and risk.,E000,Keep as-is or clean opportunistically.,P3,high
tests/profile-validation.test.ts,test,tests,yes,test for tests.,none detected,88,82,86,2,10,10,14,8,8,No major issue found in automated/source inspection; reviewed for role and risk.,E000,Keep as-is or clean opportunistically.,P3,high
tests/return-validation.test.ts,test,tests,yes,test for tests.,none detected,88,82,86,2,10,10,14,8,8,No major issue found in automated/source inspection; reviewed for role and risk.,E000,Keep as-is or clean opportunistically.,P3,high
tests/review-moderation-validation.test.ts,test,tests,yes,test for tests.,none detected,88,82,86,2,10,10,14,8,8,No major issue found in automated/source inspection; reviewed for role and risk.,E000,Keep as-is or clean opportunistically.,P3,high
tests/review-validation.test.ts,test,tests,yes,test for tests.,none detected,88,82,86,2,10,10,14,8,8,No major issue found in automated/source inspection; reviewed for role and risk.,E000,Keep as-is or clean opportunistically.,P3,high
tests/safe-callback-url.test.ts,test,tests,yes,test for tests.,none detected,88,82,86,2,10,10,14,8,8,No major issue found in automated/source inspection; reviewed for role and risk.,E000,Keep as-is or clean opportunistically.,P3,high
tests/settings-validation.test.ts,test,tests,yes,test for tests.,none detected,88,82,86,2,10,10,14,8,8,No major issue found in automated/source inspection; reviewed for role and risk.,E000,Keep as-is or clean opportunistically.,P3,high
tsconfig.json,json,general,yes,json for general.,none detected,84,82,78,10,10,10,14,8,8,No major issue found in automated/source inspection; reviewed for role and risk.,E000,Keep as-is or clean opportunistically.,P3,high
tsconfig.typecheck.json,json,general,yes,json for general.,none detected,84,82,78,10,10,10,14,8,8,No major issue found in automated/source inspection; reviewed for role and risk.,E000,Keep as-is or clean opportunistically.,P3,high
